1	0	NULL		4funssdsrl@pec.it
2	0	NULL		amministra@pec.brivio.it
3	0	NULL		f105.2016pavia@pec.it
4	0	NULL		aicsbasketforli@messaggipec.it
5	0	NULL		apd@pec.antalpallavicini.org
6	0	NULL		ascalvairate@pec.it
7	0	NULL		chieri76@legalmail.it
8	0	NULL		athsrl@pec.athsrl.it
9	0	NULL		aciglobal@registerpec.it
10	0	NULL		allegrini@legalmail.it
11	0	NULL		amazonitalialogistica@legalmail.it
12	0	NULL		meccanicaares@legalmail.it
13	0	NULL		antoniopellecchiasrl@pec.it
14	0	NULL		amministrazione.apell@legalmail.it
15	0	NULL		aslteramo@raccomandata.eu
16	0	NULL		apcalestano@pec.it
17	0	NULL		assistenzaestense@poste-certificate.it
18	0	NULL		asscardioforlivese@pec.it
19	0	NULL		cuorebardolinese@pec.it
20	0	NULL		ilcuoredipiacenza@pec.it
21	0	NULL		onlus-carminesperanza@pec.it
22	0	NULL		prolocopodenzano@pec.it
23	0	NULL		atalanta@pec.atalanta.it
24	0	NULL		hager-bocchiotti@pec.it
25	0	NULL		amstrento@pec.It
26	0	NULL		avisautonoleggiospa@legalmail.it
27	0	NULL		amministrazione@pec.avps.it
28	0	NULL		pec.ortomio@legalmail.it
29	0	NULL		anfora@pec.coldiretti.it
30	0	NULL		ing_cliica@pec.sabes.it
31	0	NULL		protocollo@pec.icareviareggio.it
32	0	NULL		statutory.tax@azimut.telecompost.it
33	0	NULL		info@pec.intesasanpaolo.com
34	0	NULL		baroccocostruzioni@pec-mail.eu
35	0	NULL		legalerappresentante@bhcmgarbagnate.legalmail.it
36	0	NULL		legalerappresentante@bayerspa.legalmail.it
37	0	NULL		info@pec.beltramin.it
38	0	NULL		bimalsrl@legalmail.it
39	0	NULL		amministrazione@pec.inapc.it
40	0	NULL		alessandrocambini@pec.it
41	0	NULL		cameronitaly@legalmail.it
42	0	NULL		campingdarna.pec@gruppointercom.it
43	0	NULL		info@pec.collisoligo.com
44	0	NULL		amministrazione@pec.olmedospa.it
45	0	NULL		cma@pcert.postecert.it
46	0	NULL		amministrazione@pecconfesercentimo.it
47	0	NULL		cftcittadivignolasrl@legalmail.it
48	0	NULL		centromedico.odontoiatricodottiscala@pecitalia.eu
49	0	NULL		cequimil@postacert.difesa.it
50	0	NULL		cntorino@boxpec.finonline.piemonte.it
51	0	NULL		comune.ceprano@pec.leonet.it
52	0	NULL		istruzione.comune.modugno@pec.rupar.puglia.it
53	0	NULL		protocollo@pec.comitatoparalimpico.it
54	0	NULL		dirigente.tribunale.cremona@giustiziacert.it
55	0	NULL		comocuore@pec.it
56	0	NULL		comune.vasto@legalmail.it
57	0	NULL		comune.agazzano@legalmail.it
58	0	NULL		comune.bardolino@legalmail.it
59	0	NULL		protocollo@pec.comune.bione.bs.it
60	0	NULL		protocollo@pec.comunealtavaltidone.pc.it
61	0	NULL		comune.cavenagodadda@pec.regione.lombardia.it
62	0	NULL		comunecostermano@cert.ip-veneto.net
63	0	NULL		comunegambatesa@pec.leonet.it
64	0	NULL		protocollo.rofrano@asmepec.it
65	0	NULL		comune.sartiranalomellina@pec.it
66	0	NULL		comune.torrebruna@legalmail.it
67	0	NULL		elettorale@pec.comune.ziano.pc.it
68	0	NULL		consiglio@ordineavvocatiroma.org
69	0	NULL		regionetoscana@postacert.toscana.it
70	0	NULL		bim.te.vomano@pec.it
71	0	NULL		cosmoitaliasrl@pec.it
72	0	NULL		cps@pec.casazzagroup.com
73	0	NULL		croceazzurrarobbiese@pec-legal.it
74	0	NULL		criappia@cert.cri.it - appia@cert.cri.it
75	0	NULL		giulioraimo@pec.it
76	0	NULL		amministrazione@pec.dondattrino.it
77	0	NULL		dopolavoroatac@pec.it
78	0	NULL		amm.manu@pec.douglas-chero.it
79	0	NULL		drillmecspa@legalmail.it
80	0	NULL		ducatienergia@legalmail.it
81	0	NULL		pec@pec.ecodesignsrl.it
82	0	NULL		ecoconsult@pec.it
83	0	NULL		edis.srl@legalmail.it
84	0	NULL		efds.srl@cgn.legalmail.it
85	0	NULL		eliosmedical@pec.impresecatania.it
86	0	NULL		emmegispa@legalmail.it
87	0	NULL		errevisport@cert.cna.it
88	0	NULL		eulerhermes@pec.eulerhermes.it
89	0	NULL		settoresanitario.fip@pec.it
90	0	NULL		dececco@pec.dececco.it
91	0	NULL		farmaicabeatavergine@legalmail.it
92	0	NULL		08003@pec.federfarma.it
93	0	NULL		06851@pec.federfarma.it
94	0	NULL		tvfarma06909@pec.farmacieunite.it
95	0	NULL		farmaciacentrale@livornopec.it
96	0	NULL		canicatti@assofarm.postecert.it
97	0	NULL		farmaciadelleone@legalmail.it
98	0	NULL		farmaciagattafoni@pec.it
99	0	NULL		06796@pec.federfarma.it
100	0	NULL		sv2988ba3922@pec.fofi.it
101	0	NULL		06566@pec.federfarma.it
102	0	NULL		farmaciaquarantasas@pec.it
103	0	NULL		17174@pec.federfarma.it
104	0	NULL		farmaciasammartinosnc@pec.it
105	0	NULL		18808@pec.federfarma.it
106	0	NULL		farmaciatimoneri@legalmail.it
107	0	NULL		15667@pec.federfarma.it
108	0	NULL		fcpsrl@arubapec.it
109	0	NULL		farmaciadelmulinosrls@pec.it
110	0	NULL		fitclubintegra@legalmail.it
111	0	NULL		segreteria@cert.fondazionecariverona.org
112	0	NULL		suedtiroler.herzstiftung@pec.rolmail.net
113	0	NULL		fatturazione.elettronica@pec.it
114	0	NULL		fondazionefagnani@pec.it
115	0	NULL		p.fontanini@legal.email.it
116	0	NULL		formecbiffi@pec.it
117	0	NULL		formedicalco@legalmail.it
118	0	NULL		lorenzofurio65@pec.it
119	0	NULL		info@pec.futurahospital.it
120	0	NULL		gestimpsrl@legalmail.it
121	0	NULL		gibersrl@cgn.legalmail.it
122	0	NULL		giubola2000srl@pec.it
123	0	NULL		gliamicidelcuore@legalmail.it
124	0	NULL		golfclubcastellotolcinasco@legalmail.it
125	0	NULL		f17.2020reggioemilia@pecfallimenti.it
126	0	NULL		gymnasium2004@pecimprese.it
127	0	NULL		hager-bocchiotti@pec.it
128	0	NULL		consulenzalegalepadula@pec.it
129	0	NULL		hcm-bears@legalmail.it
130	0	NULL		hoteltorreolivasrl@pec.it
131	0	NULL		hpievent@pec.it
132	0	NULL		amm.ne.centrale@pec.infn.it
133	0	NULL		oasi_beach@legalmail.it
134	0	NULL		teatro.ristori@legalmail.it
135	0	NULL		ikeaitaliadistribution@legalmail.it
136	0	NULL		portasanlazzaro@pec.it
137	0	NULL		polin@legalmail.it
138	0	NULL		innotec@pec.it
139	0	NULL		segreteria.ispb@pec.intesasanpaolo.com; info@pec.intesasanpaolo.com
140	0	NULL		irm@pec.it
141	0	NULL		istituto.cavanis@pec.it
142	0	NULL		boic85200b@pec.istruzione.it
143	0	NULL		teis00800n@pec.istruzione.it
144	0	NULL		longobuccofiglisrl@pec.it
145	0	NULL		bgis004008@pec.istruzione.it
146	0	NULL		johnsonejohnsonmedical@postecert.it
147	0	NULL		key@pec.gardamail.it
148	0	NULL		komatsuutilityeuropespa@legalmail.it
149	0	NULL		labaraccasas@legalmail.it
150	0	NULL		info@pec.lamedica.it
151	0	NULL		larotaia@legalmail.it
152	0	NULL		laziomar@pec.workmail.it
153	0	NULL		topc090009@pec.istruzione.it
154	0	NULL		LOPS02000T@PEC.ISTRUZIONE.IT
155	0	NULL		lineaceramicasrl@legalmail.it
156	0	NULL		manzi.franco@omceoromapec.it
157	0	NULL		martinelliginettospa@pec.it
158	0	NULL		medeamedicale@pec.it
159	0	NULL		medicalservice@pec.it
160	0	NULL		megaitaliamedia@legalmail.it
161	0	NULL		vendite@pec.mercoledisantorescueadventure.it
162	0	NULL		amministrazione@pec.mobilplastic.it
163	0	NULL		immobiliaremontecarlospa@legalmail.it
164	0	NULL		mtssrl@pec.it
165	0	NULL		fornitori.muttispa@pec.it
166	0	NULL		gianni.nanni@pec.it
167	0	NULL		natcor@legalmail.it
168	0	NULL		noccarosrl@pec.workmail.it
169	0	NULL		fatture@pec.nordmeccanica.com
170	0	NULL		05336@pec2.federfarma.it
171	0	NULL		marco.gardino@cert.cna.it
172	0	NULL		omnia-srl@casellapec.com
173	0	NULL		giorgio.boschi@legalmail.it
174	0	NULL		parcocommercialedora@legalmail.it
175	0	NULL		piacentinasrl@it-pec.com
176	0	NULL		studiodentisticopietrasanta@legalmail.it
177	0	NULL		play.gamessrl@legalmail.it
178	0	NULL		poligalleana@mailcertificata.it
179	0	NULL		direzione@pec.sabinauniversitas.it
180	0	NULL		pratissd@pec.it
181	0	NULL		usg@mailbox.governo.it 
182	0	NULL		apsalso@pec.it
183	0	NULL		riminiterme@adriapec.com
184	0	NULL		info@pec.robbionelcuore.it
185	0	NULL		rotarypisa@pec.it
186	0	NULL		sirilarzano@lamiapec.it
187	0	NULL		sitla@pec.unionlido.com
188	0	NULL		sabafidenza@pec.it
189	0	NULL		sacos.srl@pec.it
190	0	NULL		sgautover@legalmail.it
191	0	NULL		sg.glass@legalmail.it
192	0	NULL		saluteesicurezza@legalmail.it
193	0	NULL		sanitariafranca@pec.it
194	0	NULL		antoniosavino@pec.aio.it
195	0	NULL		scernilogistics@pec.it
196	0	NULL		schneider.electric.industrie@schneider-electric.legalmail.it
197	0	NULL		scognamiglio.sas@pec.it
198	0	NULL		sedi@legalmail.it
199	0	NULL		serravalleoutletmall@legalmail.it
200	0	NULL		serviziinrete2001@pec.tabaccai.it
201	0	NULL		shanerciocco@pec.shanerciocco.com
202	0	NULL		inbox@pec.sib-spa.it
203	0	NULL		sidel.italia@legalmail.it
204	0	NULL		simplycafe@pec.confartigianato.it
205	0	NULL		skapadova@arubapec.it
206	0	NULL		snattlogisticaspa@legalmail.it
207	0	NULL		sogese@pec.sogese.com
208	0	NULL		3essesrl@registerpec.it
209	0	NULL		biofarmspineto@pec.it
210	0	NULL		bagnivittoria@legalmail.it
211	0	NULL		canottierilario@pec.it
212	0	NULL		info@pec.canottieriongina.net
213	0	NULL		corallobeach@pec.it
214	0	NULL		bungalow@legalmail.it
215	0	NULL		malibubeach.pec@legalmail.it
216	0	NULL		sashasas@cgn.legalmail.it
217	0	NULL		sonoco-alcore-amm@pec.confindustriacomo.it
218	0	NULL		starmedsrl@pec.it
219	0	NULL		stefitalia@pec.it
220	0	NULL		steflogisticsitalia@pec.it
221	0	NULL		sterigenics@pec.sterigenicsitaly.com
222	0	NULL		dr.carlostilo@pec.carlostilo.it
223	0	NULL		stops@pec.it
224	0	NULL		francesco.prato@pec.andi.it
225	0	NULL		vincenzo.guido@pz.omceo.it
226	0	NULL		bruno.grilli@omceoromapec.it
227	0	NULL		studiorocchetti@messaggipec.it
228	0	NULL		ac.tecnogaz@pec.it
229	0	NULL		tecnolife@legalmail.it
230	0	NULL		info@pec.tecsal.com
231	0	NULL		tcmbonacossa@pec.it
232	0	NULL		teraponsrl@legalmail.it
233	0	NULL		texasrl@pec.texafoggia.it
234	0	NULL		thefamed.srl@pec.it
235	0	NULL		ticomidea@legalmail.it
236	0	NULL		trendsrl@cert.interactive.eu
237	0	NULL		dg-triumph@legalmail.it
238	0	NULL		sassuolocalcio@legalmail.it
239	0	NULL		unileveritaliamanufacturing@pec.it
240	0	NULL		universal.group.srl@pec.it
241	0	NULL		direzione.generale@pec.ucsc.it
242	0	NULL		vibacspa@legalmail.it
243	0	NULL		farmaciacentrale@livornopec.it
244	0	NULL		waterfly@pec.it
245	0	NULL		zitowaysrls@pec.it
246	0	NULL		info@pec.farmaciaforyou.com
247	0	NULL		farmaciarostasas@legalmail.it
248	0	NULL		10054@pec.federfarma.it
249	0	NULL		fisioathenasrl@open.legalmail.it
250	0	NULL		hagerlumetalspa@cgn.legalmail.it
251	0	NULL		ifmferrara@pec.ifmferrara.com
252	0	NULL		inbox@pec.leroymerlin.it
253	0	NULL		paolo.locatelli@pec.andi.it
254	0	NULL		amministrazione-mazzucchelli1849@certimprese.it
255	0	NULL		saininisrlfornitureindustriali@pec.it
256	0	NULL		sassispa@legalmail.it
257	0	NULL		valferpr@pcert.it
